"userId","roomId","studyId","gMO","discussionId","reciept","curr","message","round"
"user@i1hYpFrzIW","T79MYOvpUx","zzS3x7G14l",63,"1-0","l","2014-07-24 12:34:53","{""type"":""team"",""userId"":""user@i1hYpFrzIW"",""location"":""1-0"",""database"":""persistent"",""current-population"":4,""gMO"":63}",1
"user@i1hYpFrzIW","T79MYOvpUx","zzS3x7G14l",65,"1-0","l","2014-07-24 12:34:53","{""type"":""team"",""userId"":""user@i1hYpFrzIW"",""location"":""1-0"",""database"":""persistent"",""current-population"":4,""gMO"":65}",1
"user@X5EawpwGyY","T79MYOvpUx","zzS3x7G14l",66,"1-0","l","2014-07-24 12:34:53","{""type"":""team"",""userId"":""user@X5EawpwGyY"",""location"":""1-0"",""database"":""persistent"",""current-population"":4,""gMO"":66}",1
"user@i1hYpFrzIW","T79MYOvpUx","zzS3x7G14l",67,"1-0","l","2014-07-24 12:34:53","{""type"":""team"",""userId"":""user@i1hYpFrzIW"",""location"":""1-0"",""database"":""persistent"",""current-population"":4,""gMO"":67}",1
"user@i1hYpFrzIW","T79MYOvpUx","zzS3x7G14l",68,"1-0","l","2014-07-24 12:34:53","{""type"":""team"",""userId"":""user@i1hYpFrzIW"",""location"":""1-0"",""database"":""persistent"",""userMask"":""user C"",""userColor"":""#FF3300"",""current-population"":4,""gMO"":68}",1
"user@Hu0AYDBrqR","T79MYOvpUx","zzS3x7G14l",69,"1-0","l","2014-07-24 12:34:53","{""type"":""team"",""userId"":""user@Hu0AYDBrqR"",""location"":""1-0"",""database"":""persistent"",""current-population"":4,""gMO"":69}",1
"user@zWAVh7LBNa","T79MYOvpUx","zzS3x7G14l",70,"1-0","l","2014-07-24 12:34:53","{""type"":""team"",""userId"":""user@zWAVh7LBNa"",""location"":""1-0"",""database"":""persistent"",""current-population"":4,""gMO"":70}",1
"user@X5EawpwGyY","T79MYOvpUx","zzS3x7G14l",71,"1-0","l","2014-07-24 12:34:53","{""type"":""team"",""userId"":""user@X5EawpwGyY"",""location"":""1-0"",""database"":""persistent"",""current-population"":4,""gMO"":71}",1
"user@X5EawpwGyY","T79MYOvpUx","zzS3x7G14l",72,"1-0","l","2014-07-24 12:34:53","{""type"":""team"",""userId"":""user@X5EawpwGyY"",""location"":""1-0"",""database"":""persistent"",""current-population"":4,""gMO"":72}",1
"user@X5EawpwGyY","T79MYOvpUx","zzS3x7G14l",73,"1-0","l","2014-07-24 12:34:53","{""type"":""team"",""userId"":""user@X5EawpwGyY"",""location"":""1-0"",""database"":""persistent"",""current-population"":4,""gMO"":73}",1
"user@Hu0AYDBrqR","T79MYOvpUx","zzS3x7G14l",74,"1-0","l","2014-07-24 12:34:53","{""type"":""team"",""userId"":""user@Hu0AYDBrqR"",""location"":""1-0"",""database"":""persistent"",""current-population"":4,""gMO"":74}",1
"user@zWAVh7LBNa","T79MYOvpUx","zzS3x7G14l",75,"1-0","l","2014-07-24 12:34:54","{""type"":""team"",""userId"":""user@zWAVh7LBNa"",""location"":""1-0"",""database"":""persistent"",""current-population"":4,""gMO"":75}",1
"user@zWAVh7LBNa","T79MYOvpUx","zzS3x7G14l",76,"1-0","l","2014-07-24 12:34:54","{""type"":""team"",""userId"":""user@zWAVh7LBNa"",""location"":""1-0"",""database"":""persistent"",""current-population"":4,""gMO"":76}",1
"user@zWAVh7LBNa","T79MYOvpUx","zzS3x7G14l",77,"1-0","l","2014-07-24 12:34:54","{""type"":""team"",""userId"":""user@zWAVh7LBNa"",""location"":""1-0"",""database"":""persistent"",""current-population"":4,""gMO"":77}",1
"user@Hu0AYDBrqR","T79MYOvpUx","zzS3x7G14l",78,"1-0","l","2014-07-24 12:34:54","{""type"":""team"",""userId"":""user@Hu0AYDBrqR"",""location"":""1-0"",""database"":""persistent"",""current-population"":4,""gMO"":78}",1
"user@Hu0AYDBrqR","T79MYOvpUx","zzS3x7G14l",79,"1-0","l","2014-07-24 12:34:54","{""type"":""team"",""userId"":""user@Hu0AYDBrqR"",""location"":""1-0"",""database"":""persistent"",""current-population"":4,""gMO"":79}",1
"user@X5EawpwGyY","T79MYOvpUx","zzS3x7G14l",81,"2-0","l","2014-07-24 12:35:04","{""type"":""link"",""userId"":""user@X5EawpwGyY"",""comment"":{""userId"":""user@X5EawpwGyY"",""text"":""3-0""},""location"":""2-0"",""element"":"".conversation"",""database"":""persistent"",""userMask"":""user A"",""userColor"":""#33CC33"",""current-population"":4,""gMO"":81}",1
"user@X5EawpwGyY","T79MYOvpUx","zzS3x7G14l",82,"2-0","l","2014-07-24 12:35:07","{""type"":""link"",""userId"":""user@X5EawpwGyY"",""comment"":{""userId"":""user@X5EawpwGyY"",""text"":""3-1""},""location"":""2-0"",""element"":"".conversation"",""database"":""persistent"",""userMask"":""user A"",""userColor"":""#33CC33"",""current-population"":4,""gMO"":82}",1
"user@zWAVh7LBNa","T79MYOvpUx","zzS3x7G14l",83,"2-0","l","2014-07-24 12:35:09","{""type"":""link"",""userId"":""user@zWAVh7LBNa"",""comment"":{""userId"":""user@zWAVh7LBNa"",""text"":""0-0""},""location"":""2-0"",""element"":"".conversation"",""database"":""persistent"",""userMask"":""user B"",""userColor"":""#6699FF"",""current-population"":4,""gMO"":83}",1
"user@zWAVh7LBNa","T79MYOvpUx","zzS3x7G14l",84,"2-0","l","2014-07-24 12:35:12","{""type"":""link"",""userId"":""user@zWAVh7LBNa"",""comment"":{""userId"":""user@zWAVh7LBNa"",""text"":""0-3""},""location"":""2-0"",""element"":"".conversation"",""database"":""persistent"",""userMask"":""user B"",""userColor"":""#6699FF"",""current-population"":4,""gMO"":84}",1
"user@zWAVh7LBNa","T79MYOvpUx","zzS3x7G14l",85,"2-0","l","2014-07-24 12:35:14","{""type"":""link"",""userId"":""user@zWAVh7LBNa"",""comment"":{""userId"":""user@zWAVh7LBNa"",""text"":""0-4""},""location"":""2-0"",""element"":"".conversation"",""database"":""persistent"",""userMask"":""user B"",""userColor"":""#6699FF"",""current-population"":4,""gMO"":85}",1
"user@X5EawpwGyY","T79MYOvpUx","zzS3x7G14l",86,"2-0","l","2014-07-24 12:35:16","{""type"":""link"",""userId"":""user@X5EawpwGyY"",""comment"":{""userId"":""user@X5EawpwGyY"",""text"":""4-1""},""location"":""2-0"",""element"":"".conversation"",""database"":""persistent"",""userMask"":""user A"",""userColor"":""#33CC33"",""current-population"":4,""gMO"":86}",1
"user@zWAVh7LBNa","T79MYOvpUx","zzS3x7G14l",87,"2-0","l","2014-07-24 12:35:20","{""type"":""link"",""userId"":""user@zWAVh7LBNa"",""comment"":{""userId"":""user@zWAVh7LBNa"",""text"":""0-0""},""location"":""2-0"",""element"":"".conversation"",""database"":""persistent"",""userMask"":""user B"",""userColor"":""#6699FF"",""current-population"":4,""gMO"":87}",1
"user@zWAVh7LBNa","T79MYOvpUx","zzS3x7G14l",88,"2-0","l","2014-07-24 12:35:21","{""type"":""link"",""userId"":""user@zWAVh7LBNa"",""comment"":{""userId"":""user@zWAVh7LBNa"",""text"":""0-1""},""location"":""2-0"",""element"":"".conversation"",""database"":""persistent"",""userMask"":""user B"",""userColor"":""#6699FF"",""current-population"":4,""gMO"":88}",1
"user@zWAVh7LBNa","T79MYOvpUx","zzS3x7G14l",89,"2-0","l","2014-07-24 12:35:22","{""type"":""link"",""userId"":""user@zWAVh7LBNa"",""comment"":{""userId"":""user@zWAVh7LBNa"",""text"":""0-2""},""location"":""2-0"",""element"":"".conversation"",""database"":""persistent"",""userMask"":""user B"",""userColor"":""#6699FF"",""current-population"":4,""gMO"":89}",1
"user@X5EawpwGyY","T79MYOvpUx","zzS3x7G14l",90,"2-0","l","2014-07-24 12:35:22","{""type"":""link"",""userId"":""user@X5EawpwGyY"",""comment"":{""userId"":""user@X5EawpwGyY"",""text"":""5-3""},""location"":""2-0"",""element"":"".conversation"",""database"":""persistent"",""userMask"":""user A"",""userColor"":""#33CC33"",""current-population"":4,""gMO"":90}",1
"user@zWAVh7LBNa","T79MYOvpUx","zzS3x7G14l",92,"2-0","l","2014-07-24 12:35:23","{""type"":""link"",""userId"":""user@zWAVh7LBNa"",""comment"":{""userId"":""user@zWAVh7LBNa"",""text"":""0-3""},""location"":""2-0"",""element"":"".conversation"",""database"":""persistent"",""userMask"":""user B"",""userColor"":""#6699FF"",""current-population"":4,""gMO"":92}",1
"user@zWAVh7LBNa","T79MYOvpUx","zzS3x7G14l",93,"2-0","l","2014-07-24 12:35:24","{""type"":""link"",""userId"":""user@zWAVh7LBNa"",""comment"":{""userId"":""user@zWAVh7LBNa"",""text"":""0-4""},""location"":""2-0"",""element"":"".conversation"",""database"":""persistent"",""userMask"":""user B"",""userColor"":""#6699FF"",""current-population"":4,""gMO"":93}",1
"user@zWAVh7LBNa","T79MYOvpUx","zzS3x7G14l",95,"2-0","l","2014-07-24 12:35:27","{""type"":""link"",""userId"":""user@zWAVh7LBNa"",""comment"":{""userId"":""user@zWAVh7LBNa"",""text"":""1-0""},""location"":""2-0"",""element"":"".conversation"",""database"":""persistent"",""userMask"":""user B"",""userColor"":""#6699FF"",""current-population"":4,""gMO"":95}",1
"user@X5EawpwGyY","T79MYOvpUx","zzS3x7G14l",96,"2-0","l","2014-07-24 12:35:28","{""type"":""link"",""userId"":""user@X5EawpwGyY"",""comment"":{""userId"":""user@X5EawpwGyY"",""text"":""4-0""},""location"":""2-0"",""element"":"".conversation"",""database"":""persistent"",""userMask"":""user A"",""userColor"":""#33CC33"",""current-population"":4,""gMO"":96}",1
"user@zWAVh7LBNa","T79MYOvpUx","zzS3x7G14l",97,"2-0","l","2014-07-24 12:35:29","{""type"":""link"",""userId"":""user@zWAVh7LBNa"",""comment"":{""userId"":""user@zWAVh7LBNa"",""text"":""1-1""},""location"":""2-0"",""element"":"".conversation"",""database"":""persistent"",""userMask"":""user B"",""userColor"":""#6699FF"",""current-population"":4,""gMO"":97}",1
"user@X5EawpwGyY","T79MYOvpUx","zzS3x7G14l",98,"2-0","l","2014-07-24 12:35:29","{""type"":""link"",""userId"":""user@X5EawpwGyY"",""comment"":{""userId"":""user@X5EawpwGyY"",""text"":""4-1""},""location"":""2-0"",""element"":"".conversation"",""database"":""persistent"",""userMask"":""user A"",""userColor"":""#33CC33"",""current-population"":4,""gMO"":98}",1
"user@i1hYpFrzIW","T79MYOvpUx","zzS3x7G14l",99,"2-0","l","2014-07-24 12:35:32","{""type"":""link"",""userId"":""user@i1hYpFrzIW"",""comment"":{""userId"":""user@i1hYpFrzIW"",""text"":""0-4""},""location"":""2-0"",""element"":"".conversation"",""database"":""persistent"",""userMask"":""user C"",""userColor"":""#FF3300"",""current-population"":4,""gMO"":99}",1
"user@Hu0AYDBrqR","T79MYOvpUx","zzS3x7G14l",100,"2-0","l","2014-07-24 12:35:34","{""type"":""link"",""userId"":""user@Hu0AYDBrqR"",""comment"":{""userId"":""user@Hu0AYDBrqR"",""text"":""0-4""},""location"":""2-0"",""element"":"".conversation"",""database"":""persistent"",""userMask"":""user D"",""userColor"":""#9999FF"",""current-population"":4,""gMO"":100}",1
"user@zWAVh7LBNa","T79MYOvpUx","zzS3x7G14l",101,"2-0","l","2014-07-24 12:35:34","{""type"":""link"",""userId"":""user@zWAVh7LBNa"",""comment"":{""userId"":""user@zWAVh7LBNa"",""text"":""3-0""},""location"":""2-0"",""element"":"".conversation"",""database"":""persistent"",""userMask"":""user B"",""userColor"":""#6699FF"",""current-population"":4,""gMO"":101}",1
"user@zWAVh7LBNa","T79MYOvpUx","zzS3x7G14l",102,"2-0","l","2014-07-24 12:35:35","{""type"":""link"",""userId"":""user@zWAVh7LBNa"",""comment"":{""userId"":""user@zWAVh7LBNa"",""text"":""3-1""},""location"":""2-0"",""element"":"".conversation"",""database"":""persistent"",""userMask"":""user B"",""userColor"":""#6699FF"",""current-population"":4,""gMO"":102}",1
"user@X5EawpwGyY","T79MYOvpUx","zzS3x7G14l",103,"2-0","l","2014-07-24 12:35:36","{""type"":""comment"",""userId"":""user@X5EawpwGyY"",""comment"":{""userId"":""user@X5EawpwGyY"",""text"":""hi""},""location"":""2-0"",""element"":"".conversation"",""database"":""persistent"",""userMask"":""user A"",""userColor"":""#33CC33"",""current-population"":4,""gMO"":103}",1
"user@zWAVh7LBNa","T79MYOvpUx","zzS3x7G14l",104,"2-0","l","2014-07-24 12:35:39","{""type"":""link"",""userId"":""user@zWAVh7LBNa"",""comment"":{""userId"":""user@zWAVh7LBNa"",""text"":""3-1""},""location"":""2-0"",""element"":"".conversation"",""database"":""persistent"",""userMask"":""user B"",""userColor"":""#6699FF"",""current-population"":4,""gMO"":104}",1
"user@zWAVh7LBNa","T79MYOvpUx","zzS3x7G14l",105,"2-0","l","2014-07-24 12:35:39","{""type"":""link"",""userId"":""user@zWAVh7LBNa"",""comment"":{""userId"":""user@zWAVh7LBNa"",""text"":""3-1""},""location"":""2-0"",""element"":"".conversation"",""database"":""persistent"",""userMask"":""user B"",""userColor"":""#6699FF"",""current-population"":4,""gMO"":105}",1
"user@zWAVh7LBNa","T79MYOvpUx","zzS3x7G14l",106,"2-0","l","2014-07-24 12:35:42","{""type"":""link"",""userId"":""user@zWAVh7LBNa"",""comment"":{""userId"":""user@zWAVh7LBNa"",""text"":""3-2""},""location"":""2-0"",""element"":"".conversation"",""database"":""persistent"",""userMask"":""user B"",""userColor"":""#6699FF"",""current-population"":4,""gMO"":106}",1
"user@zWAVh7LBNa","T79MYOvpUx","zzS3x7G14l",107,"2-0","l","2014-07-24 12:35:46","{""type"":""link"",""userId"":""user@zWAVh7LBNa"",""comment"":{""userId"":""user@zWAVh7LBNa"",""text"":""4-0""},""location"":""2-0"",""element"":"".conversation"",""database"":""persistent"",""userMask"":""user B"",""userColor"":""#6699FF"",""current-population"":4,""gMO"":107}",1
"user@i1hYpFrzIW","T79MYOvpUx","zzS3x7G14l",108,"2-0","l","2014-07-24 12:35:46","{""type"":""link"",""userId"":""user@i1hYpFrzIW"",""comment"":{""userId"":""user@i1hYpFrzIW"",""text"":""3-2""},""location"":""2-0"",""element"":"".conversation"",""database"":""persistent"",""userMask"":""user C"",""userColor"":""#FF3300"",""current-population"":4,""gMO"":108}",1
"user@zWAVh7LBNa","T79MYOvpUx","zzS3x7G14l",109,"2-0","l","2014-07-24 12:35:48","{""type"":""link"",""userId"":""user@zWAVh7LBNa"",""comment"":{""userId"":""user@zWAVh7LBNa"",""text"":""4-1""},""location"":""2-0"",""element"":"".conversation"",""database"":""persistent"",""userMask"":""user B"",""userColor"":""#6699FF"",""current-population"":4,""gMO"":109}",1
"user@zWAVh7LBNa","T79MYOvpUx","zzS3x7G14l",110,"2-0","l","2014-07-24 12:35:49","{""type"":""link"",""userId"":""user@zWAVh7LBNa"",""comment"":{""userId"":""user@zWAVh7LBNa"",""text"":""4-2""},""location"":""2-0"",""element"":"".conversation"",""database"":""persistent"",""userMask"":""user B"",""userColor"":""#6699FF"",""current-population"":4,""gMO"":110}",1
"user@X5EawpwGyY","T79MYOvpUx","zzS3x7G14l",111,"2-0","l","2014-07-24 12:35:50","{""type"":""link"",""userId"":""user@X5EawpwGyY"",""comment"":{""userId"":""user@X5EawpwGyY"",""text"":""3-1""},""location"":""2-0"",""element"":"".conversation"",""database"":""persistent"",""userMask"":""user A"",""userColor"":""#33CC33"",""current-population"":4,""gMO"":111}",1
"user@zWAVh7LBNa","T79MYOvpUx","zzS3x7G14l",112,"2-0","l","2014-07-24 12:35:50","{""type"":""link"",""userId"":""user@zWAVh7LBNa"",""comment"":{""userId"":""user@zWAVh7LBNa"",""text"":""4-3""},""location"":""2-0"",""element"":"".conversation"",""database"":""persistent"",""userMask"":""user B"",""userColor"":""#6699FF"",""current-population"":4,""gMO"":112}",1
"user@zWAVh7LBNa","T79MYOvpUx","zzS3x7G14l",113,"2-0","l","2014-07-24 12:35:51","{""type"":""link"",""userId"":""user@zWAVh7LBNa"",""comment"":{""userId"":""user@zWAVh7LBNa"",""text"":""4-4""},""location"":""2-0"",""element"":"".conversation"",""database"":""persistent"",""userMask"":""user B"",""userColor"":""#6699FF"",""current-population"":4,""gMO"":113}",1
"user@Hu0AYDBrqR","T79MYOvpUx","zzS3x7G14l",114,"2-0","l","2014-07-24 12:35:52","{""type"":""comment"",""userId"":""user@Hu0AYDBrqR"",""comment"":{""userId"":""user@Hu0AYDBrqR"",""text"":""hi  trying to do this the right way""},""location"":""2-0"",""element"":"".conversation"",""database"":""persistent"",""userMask"":""user D"",""userColor"":""#9999FF"",""current-population"":4,""gMO"":114}",1
"user@X5EawpwGyY","T79MYOvpUx","zzS3x7G14l",115,"2-0","l","2014-07-24 12:35:52","{""type"":""link"",""userId"":""user@X5EawpwGyY"",""comment"":{""userId"":""user@X5EawpwGyY"",""text"":""4-1""},""location"":""2-0"",""element"":"".conversation"",""database"":""persistent"",""userMask"":""user A"",""userColor"":""#33CC33"",""current-population"":4,""gMO"":115}",1
"user@zWAVh7LBNa","T79MYOvpUx","zzS3x7G14l",116,"2-0","l","2014-07-24 12:35:55","{""type"":""link"",""userId"":""user@zWAVh7LBNa"",""comment"":{""userId"":""user@zWAVh7LBNa"",""text"":""4-4""},""location"":""2-0"",""element"":"".conversation"",""database"":""persistent"",""userMask"":""user B"",""userColor"":""#6699FF"",""current-population"":4,""gMO"":116}",1
"user@zWAVh7LBNa","T79MYOvpUx","zzS3x7G14l",117,"2-0","l","2014-07-24 12:36:01","{""type"":""link"",""userId"":""user@zWAVh7LBNa"",""comment"":{""userId"":""user@zWAVh7LBNa"",""text"":""5-0""},""location"":""2-0"",""element"":"".conversation"",""database"":""persistent"",""userMask"":""user B"",""userColor"":""#6699FF"",""current-population"":4,""gMO"":117}",1
"user@zWAVh7LBNa","T79MYOvpUx","zzS3x7G14l",118,"2-0","l","2014-07-24 12:36:02","{""type"":""link"",""userId"":""user@zWAVh7LBNa"",""comment"":{""userId"":""user@zWAVh7LBNa"",""text"":""5-1""},""location"":""2-0"",""element"":"".conversation"",""database"":""persistent"",""userMask"":""user B"",""userColor"":""#6699FF"",""current-population"":4,""gMO"":118}",1
"user@i1hYpFrzIW","T79MYOvpUx","zzS3x7G14l",119,"2-0","l","2014-07-24 12:36:02","{""type"":""comment"",""userId"":""user@i1hYpFrzIW"",""comment"":{""userId"":""user@i1hYpFrzIW"",""text"":""I don't think we need to highlight every sentence...""},""location"":""2-0"",""element"":"".conversation"",""database"":""persistent"",""userMask"":""user C"",""userColor"":""#FF3300"",""current-population"":4,""gMO"":119}",1
"user@zWAVh7LBNa","T79MYOvpUx","zzS3x7G14l",120,"2-0","l","2014-07-24 12:36:03","{""type"":""link"",""userId"":""user@zWAVh7LBNa"",""comment"":{""userId"":""user@zWAVh7LBNa"",""text"":""5-2""},""location"":""2-0"",""element"":"".conversation"",""database"":""persistent"",""userMask"":""user B"",""userColor"":""#6699FF"",""current-population"":4,""gMO"":120}",1
"user@zWAVh7LBNa","T79MYOvpUx","zzS3x7G14l",121,"2-0","l","2014-07-24 12:36:04","{""type"":""link"",""userId"":""user@zWAVh7LBNa"",""comment"":{""userId"":""user@zWAVh7LBNa"",""text"":""5-3""},""location"":""2-0"",""element"":"".conversation"",""database"":""persistent"",""userMask"":""user B"",""userColor"":""#6699FF"",""current-population"":4,""gMO"":121}",1
"user@Hu0AYDBrqR","T79MYOvpUx","zzS3x7G14l",122,"2-0","l","2014-07-24 12:36:04","{""type"":""link"",""userId"":""user@Hu0AYDBrqR"",""comment"":{""userId"":""user@Hu0AYDBrqR"",""text"":""0-4""},""location"":""2-0"",""element"":"".conversation"",""database"":""persistent"",""userMask"":""user D"",""userColor"":""#9999FF"",""current-population"":4,""gMO"":122}",1
"user@zWAVh7LBNa","T79MYOvpUx","zzS3x7G14l",123,"2-0","l","2014-07-24 12:36:05","{""type"":""link"",""userId"":""user@zWAVh7LBNa"",""comment"":{""userId"":""user@zWAVh7LBNa"",""text"":""5-4""},""location"":""2-0"",""element"":"".conversation"",""database"":""persistent"",""userMask"":""user B"",""userColor"":""#6699FF"",""current-population"":4,""gMO"":123}",1
"user@zWAVh7LBNa","T79MYOvpUx","zzS3x7G14l",124,"2-0","l","2014-07-24 12:36:08","{""type"":""link"",""userId"":""user@zWAVh7LBNa"",""comment"":{""userId"":""user@zWAVh7LBNa"",""text"":""7-0""},""location"":""2-0"",""element"":"".conversation"",""database"":""persistent"",""userMask"":""user B"",""userColor"":""#6699FF"",""current-population"":4,""gMO"":124}",1
"user@zWAVh7LBNa","T79MYOvpUx","zzS3x7G14l",125,"2-0","l","2014-07-24 12:36:09","{""type"":""link"",""userId"":""user@zWAVh7LBNa"",""comment"":{""userId"":""user@zWAVh7LBNa"",""text"":""7-1""},""location"":""2-0"",""element"":"".conversation"",""database"":""persistent"",""userMask"":""user B"",""userColor"":""#6699FF"",""current-population"":4,""gMO"":125}",1
"user@zWAVh7LBNa","T79MYOvpUx","zzS3x7G14l",126,"2-0","l","2014-07-24 12:36:10","{""type"":""link"",""userId"":""user@zWAVh7LBNa"",""comment"":{""userId"":""user@zWAVh7LBNa"",""text"":""7-2""},""location"":""2-0"",""element"":"".conversation"",""database"":""persistent"",""userMask"":""user B"",""userColor"":""#6699FF"",""current-population"":4,""gMO"":126}",1
"user@zWAVh7LBNa","T79MYOvpUx","zzS3x7G14l",127,"2-0","l","2014-07-24 12:36:12","{""type"":""link"",""userId"":""user@zWAVh7LBNa"",""comment"":{""userId"":""user@zWAVh7LBNa"",""text"":""7-3""},""location"":""2-0"",""element"":"".conversation"",""database"":""persistent"",""userMask"":""user B"",""userColor"":""#6699FF"",""current-population"":4,""gMO"":127}",1
"user@zWAVh7LBNa","T79MYOvpUx","zzS3x7G14l",128,"2-0","l","2014-07-24 12:36:13","{""type"":""link"",""userId"":""user@zWAVh7LBNa"",""comment"":{""userId"":""user@zWAVh7LBNa"",""text"":""7-4""},""location"":""2-0"",""element"":"".conversation"",""database"":""persistent"",""userMask"":""user B"",""userColor"":""#6699FF"",""current-population"":4,""gMO"":128}",1
"user@zWAVh7LBNa","T79MYOvpUx","zzS3x7G14l",129,"2-0","l","2014-07-24 12:36:14","{""type"":""link"",""userId"":""user@zWAVh7LBNa"",""comment"":{""userId"":""user@zWAVh7LBNa"",""text"":""7-5""},""location"":""2-0"",""element"":"".conversation"",""database"":""persistent"",""userMask"":""user B"",""userColor"":""#6699FF"",""current-population"":4,""gMO"":129}",1
"user@zWAVh7LBNa","T79MYOvpUx","zzS3x7G14l",130,"2-0","l","2014-07-24 12:36:15","{""type"":""link"",""userId"":""user@zWAVh7LBNa"",""comment"":{""userId"":""user@zWAVh7LBNa"",""text"":""7-6""},""location"":""2-0"",""element"":"".conversation"",""database"":""persistent"",""userMask"":""user B"",""userColor"":""#6699FF"",""current-population"":4,""gMO"":130}",1
"user@zWAVh7LBNa","T79MYOvpUx","zzS3x7G14l",131,"2-0","l","2014-07-24 12:36:16","{""type"":""link"",""userId"":""user@zWAVh7LBNa"",""comment"":{""userId"":""user@zWAVh7LBNa"",""text"":""7-7""},""location"":""2-0"",""element"":"".conversation"",""database"":""persistent"",""userMask"":""user B"",""userColor"":""#6699FF"",""current-population"":4,""gMO"":131}",1
"user@Hu0AYDBrqR","T79MYOvpUx","zzS3x7G14l",132,"2-0","l","2014-07-24 12:36:17","{""type"":""link"",""userId"":""user@Hu0AYDBrqR"",""comment"":{""userId"":""user@Hu0AYDBrqR"",""text"":""0-4""},""location"":""2-0"",""element"":"".conversation"",""database"":""persistent"",""userMask"":""user D"",""userColor"":""#9999FF"",""current-population"":4,""gMO"":132}",1
"user@zWAVh7LBNa","T79MYOvpUx","zzS3x7G14l",133,"2-0","l","2014-07-24 12:36:17","{""type"":""link"",""userId"":""user@zWAVh7LBNa"",""comment"":{""userId"":""user@zWAVh7LBNa"",""text"":""8-2""},""location"":""2-0"",""element"":"".conversation"",""database"":""persistent"",""userMask"":""user B"",""userColor"":""#6699FF"",""current-population"":4,""gMO"":133}",1
"user@zWAVh7LBNa","T79MYOvpUx","zzS3x7G14l",134,"2-0","l","2014-07-24 12:36:20","{""type"":""link"",""userId"":""user@zWAVh7LBNa"",""comment"":{""userId"":""user@zWAVh7LBNa"",""text"":""8-3""},""location"":""2-0"",""element"":"".conversation"",""database"":""persistent"",""userMask"":""user B"",""userColor"":""#6699FF"",""current-population"":4,""gMO"":134}",1
"user@zWAVh7LBNa","T79MYOvpUx","zzS3x7G14l",135,"2-0","l","2014-07-24 12:36:21","{""type"":""link"",""userId"":""user@zWAVh7LBNa"",""comment"":{""userId"":""user@zWAVh7LBNa"",""text"":""8-4""},""location"":""2-0"",""element"":"".conversation"",""database"":""persistent"",""userMask"":""user B"",""userColor"":""#6699FF"",""current-population"":4,""gMO"":135}",1
"user@X5EawpwGyY","T79MYOvpUx","zzS3x7G14l",136,"2-0","l","2014-07-24 12:36:22","{""type"":""link"",""userId"":""user@X5EawpwGyY"",""comment"":{""userId"":""user@X5EawpwGyY"",""text"":""8-6""},""location"":""2-0"",""element"":"".conversation"",""database"":""persistent"",""userMask"":""user A"",""userColor"":""#33CC33"",""current-population"":4,""gMO"":136}",1
"user@Hu0AYDBrqR","T79MYOvpUx","zzS3x7G14l",137,"2-0","l","2014-07-24 12:36:23","{""type"":""link"",""userId"":""user@Hu0AYDBrqR"",""comment"":{""userId"":""user@Hu0AYDBrqR"",""text"":""0-4""},""location"":""2-0"",""element"":"".conversation"",""database"":""persistent"",""userMask"":""user D"",""userColor"":""#9999FF"",""current-population"":4,""gMO"":137}",1
"user@zWAVh7LBNa","T79MYOvpUx","zzS3x7G14l",138,"2-0","l","2014-07-24 12:36:23","{""type"":""link"",""userId"":""user@zWAVh7LBNa"",""comment"":{""userId"":""user@zWAVh7LBNa"",""text"":""8-5""},""location"":""2-0"",""element"":"".conversation"",""database"":""persistent"",""userMask"":""user B"",""userColor"":""#6699FF"",""current-population"":4,""gMO"":138}",1
"user@Hu0AYDBrqR","T79MYOvpUx","zzS3x7G14l",139,"2-0","l","2014-07-24 12:36:23","{""type"":""link"",""userId"":""user@Hu0AYDBrqR"",""comment"":{""userId"":""user@Hu0AYDBrqR"",""text"":""0-4""},""location"":""2-0"",""element"":"".conversation"",""database"":""persistent"",""userMask"":""user D"",""userColor"":""#9999FF"",""current-population"":4,""gMO"":139}",1
"user@zWAVh7LBNa","T79MYOvpUx","zzS3x7G14l",140,"2-0","l","2014-07-24 12:36:24","{""type"":""link"",""userId"":""user@zWAVh7LBNa"",""comment"":{""userId"":""user@zWAVh7LBNa"",""text"":""8-6""},""location"":""2-0"",""element"":"".conversation"",""database"":""persistent"",""userMask"":""user B"",""userColor"":""#6699FF"",""current-population"":4,""gMO"":140}",1
"user@X5EawpwGyY","T79MYOvpUx","zzS3x7G14l",141,"2-0","l","2014-07-24 12:36:25","{""type"":""link"",""userId"":""user@X5EawpwGyY"",""comment"":{""userId"":""user@X5EawpwGyY"",""text"":""10-0""},""location"":""2-0"",""element"":"".conversation"",""database"":""persistent"",""userMask"":""user A"",""userColor"":""#33CC33"",""current-population"":4,""gMO"":141}",1
"user@zWAVh7LBNa","T79MYOvpUx","zzS3x7G14l",142,"2-0","l","2014-07-24 12:36:25","{""type"":""link"",""userId"":""user@zWAVh7LBNa"",""comment"":{""userId"":""user@zWAVh7LBNa"",""text"":""8-6""},""location"":""2-0"",""element"":"".conversation"",""database"":""persistent"",""userMask"":""user B"",""userColor"":""#6699FF"",""current-population"":4,""gMO"":142}",1
"user@X5EawpwGyY","T79MYOvpUx","zzS3x7G14l",143,"2-0","l","2014-07-24 12:36:26","{""type"":""link"",""userId"":""user@X5EawpwGyY"",""comment"":{""userId"":""user@X5EawpwGyY"",""text"":""10-2""},""location"":""2-0"",""element"":"".conversation"",""database"":""persistent"",""userMask"":""user A"",""userColor"":""#33CC33"",""current-population"":4,""gMO"":143}",1
"user@zWAVh7LBNa","T79MYOvpUx","zzS3x7G14l",144,"2-0","l","2014-07-24 12:36:27","{""type"":""link"",""userId"":""user@zWAVh7LBNa"",""comment"":{""userId"":""user@zWAVh7LBNa"",""text"":""8-7""},""location"":""2-0"",""element"":"".conversation"",""database"":""persistent"",""userMask"":""user B"",""userColor"":""#6699FF"",""current-population"":4,""gMO"":144}",1
"user@X5EawpwGyY","T79MYOvpUx","zzS3x7G14l",145,"2-0","l","2014-07-24 12:36:27","{""type"":""link"",""userId"":""user@X5EawpwGyY"",""comment"":{""userId"":""user@X5EawpwGyY"",""text"":""11-1""},""location"":""2-0"",""element"":"".conversation"",""database"":""persistent"",""userMask"":""user A"",""userColor"":""#33CC33"",""current-population"":4,""gMO"":145}",1
"user@X5EawpwGyY","T79MYOvpUx","zzS3x7G14l",146,"2-0","l","2014-07-24 12:36:28","{""type"":""link"",""userId"":""user@X5EawpwGyY"",""comment"":{""userId"":""user@X5EawpwGyY"",""text"":""11-4""},""location"":""2-0"",""element"":"".conversation"",""database"":""persistent"",""userMask"":""user A"",""userColor"":""#33CC33"",""current-population"":4,""gMO"":146}",1
"user@i1hYpFrzIW","T79MYOvpUx","zzS3x7G14l",147,"2-0","l","2014-07-24 12:36:30","{""type"":""comment"",""userId"":""user@i1hYpFrzIW"",""comment"":{""userId"":""user@i1hYpFrzIW"",""text"":""Highlighting every sentence takes away from the point of this...""},""location"":""2-0"",""element"":"".conversation"",""database"":""persistent"",""userMask"":""user C"",""userColor"":""#FF3300"",""current-population"":4,""gMO"":147}",1
"user@X5EawpwGyY","T79MYOvpUx","zzS3x7G14l",148,"2-0","l","2014-07-24 12:36:30","{""type"":""link"",""userId"":""user@X5EawpwGyY"",""comment"":{""userId"":""user@X5EawpwGyY"",""text"":""11-5""},""location"":""2-0"",""element"":"".conversation"",""database"":""persistent"",""userMask"":""user A"",""userColor"":""#33CC33"",""current-population"":4,""gMO"":148}",1
"user@zWAVh7LBNa","T79MYOvpUx","zzS3x7G14l",149,"2-0","l","2014-07-24 12:36:31","{""type"":""link"",""userId"":""user@zWAVh7LBNa"",""comment"":{""userId"":""user@zWAVh7LBNa"",""text"":""10-0""},""location"":""2-0"",""element"":"".conversation"",""database"":""persistent"",""userMask"":""user B"",""userColor"":""#6699FF"",""current-population"":4,""gMO"":149}",1
"user@zWAVh7LBNa","T79MYOvpUx","zzS3x7G14l",150,"2-0","l","2014-07-24 12:36:32","{""type"":""link"",""userId"":""user@zWAVh7LBNa"",""comment"":{""userId"":""user@zWAVh7LBNa"",""text"":""10-1""},""location"":""2-0"",""element"":"".conversation"",""database"":""persistent"",""userMask"":""user B"",""userColor"":""#6699FF"",""current-population"":4,""gMO"":150}",1
"user@zWAVh7LBNa","T79MYOvpUx","zzS3x7G14l",151,"2-0","l","2014-07-24 12:36:33","{""type"":""link"",""userId"":""user@zWAVh7LBNa"",""comment"":{""userId"":""user@zWAVh7LBNa"",""text"":""10-2""},""location"":""2-0"",""element"":"".conversation"",""database"":""persistent"",""userMask"":""user B"",""userColor"":""#6699FF"",""current-population"":4,""gMO"":151}",1
"user@zWAVh7LBNa","T79MYOvpUx","zzS3x7G14l",152,"2-0","l","2014-07-24 12:36:34","{""type"":""link"",""userId"":""user@zWAVh7LBNa"",""comment"":{""userId"":""user@zWAVh7LBNa"",""text"":""11-0""},""location"":""2-0"",""element"":"".conversation"",""database"":""persistent"",""userMask"":""user B"",""userColor"":""#6699FF"",""current-population"":4,""gMO"":152}",1
"user@X5EawpwGyY","T79MYOvpUx","zzS3x7G14l",153,"2-0","l","2014-07-24 12:36:35","{""type"":""link"",""userId"":""user@X5EawpwGyY"",""comment"":{""userId"":""user@X5EawpwGyY"",""text"":""11-6""},""location"":""2-0"",""element"":"".conversation"",""database"":""persistent"",""userMask"":""user A"",""userColor"":""#33CC33"",""current-population"":4,""gMO"":153}",1
"user@zWAVh7LBNa","T79MYOvpUx","zzS3x7G14l",154,"2-0","l","2014-07-24 12:36:35","{""type"":""link"",""userId"":""user@zWAVh7LBNa"",""comment"":{""userId"":""user@zWAVh7LBNa"",""text"":""11-1""},""location"":""2-0"",""element"":"".conversation"",""database"":""persistent"",""userMask"":""user B"",""userColor"":""#6699FF"",""current-population"":4,""gMO"":154}",1
"user@zWAVh7LBNa","T79MYOvpUx","zzS3x7G14l",155,"2-0","l","2014-07-24 12:36:36","{""type"":""link"",""userId"":""user@zWAVh7LBNa"",""comment"":{""userId"":""user@zWAVh7LBNa"",""text"":""11-2""},""location"":""2-0"",""element"":"".conversation"",""database"":""persistent"",""userMask"":""user B"",""userColor"":""#6699FF"",""current-population"":4,""gMO"":155}",1
"user@X5EawpwGyY","T79MYOvpUx","zzS3x7G14l",156,"2-0","l","2014-07-24 12:36:36","{""type"":""link"",""userId"":""user@X5EawpwGyY"",""comment"":{""userId"":""user@X5EawpwGyY"",""text"":""12-1""},""location"":""2-0"",""element"":"".conversation"",""database"":""persistent"",""userMask"":""user A"",""userColor"":""#33CC33"",""current-population"":4,""gMO"":156}",1
"user@zWAVh7LBNa","T79MYOvpUx","zzS3x7G14l",157,"2-0","l","2014-07-24 12:36:37","{""type"":""link"",""userId"":""user@zWAVh7LBNa"",""comment"":{""userId"":""user@zWAVh7LBNa"",""text"":""11-3""},""location"":""2-0"",""element"":"".conversation"",""database"":""persistent"",""userMask"":""user B"",""userColor"":""#6699FF"",""current-population"":4,""gMO"":157}",1
"user@X5EawpwGyY","T79MYOvpUx","zzS3x7G14l",158,"2-0","l","2014-07-24 12:36:38","{""type"":""link"",""userId"":""user@X5EawpwGyY"",""comment"":{""userId"":""user@X5EawpwGyY"",""text"":""12-3""},""location"":""2-0"",""element"":"".conversation"",""database"":""persistent"",""userMask"":""user A"",""userColor"":""#33CC33"",""current-population"":4,""gMO"":158}",1
"user@X5EawpwGyY","T79MYOvpUx","zzS3x7G14l",159,"2-0","l","2014-07-24 12:36:38","{""type"":""link"",""userId"":""user@X5EawpwGyY"",""comment"":{""userId"":""user@X5EawpwGyY"",""text"":""13-1""},""location"":""2-0"",""element"":"".conversation"",""database"":""persistent"",""userMask"":""user A"",""userColor"":""#33CC33"",""current-population"":4,""gMO"":159}",1
"user@zWAVh7LBNa","T79MYOvpUx","zzS3x7G14l",160,"2-0","l","2014-07-24 12:36:40","{""type"":""link"",""userId"":""user@zWAVh7LBNa"",""comment"":{""userId"":""user@zWAVh7LBNa"",""text"":""11-4""},""location"":""2-0"",""element"":"".conversation"",""database"":""persistent"",""userMask"":""user B"",""userColor"":""#6699FF"",""current-population"":4,""gMO"":160}",1
"user@Hu0AYDBrqR","T79MYOvpUx","zzS3x7G14l",161,"2-0","l","2014-07-24 12:36:40","{""type"":""link"",""userId"":""user@Hu0AYDBrqR"",""comment"":{""userId"":""user@Hu0AYDBrqR"",""text"":""1-0""},""location"":""2-0"",""element"":"".conversation"",""database"":""persistent"",""userMask"":""user D"",""userColor"":""#9999FF"",""current-population"":4,""gMO"":161}",1
"user@zWAVh7LBNa","T79MYOvpUx","zzS3x7G14l",162,"2-0","l","2014-07-24 12:36:41","{""type"":""link"",""userId"":""user@zWAVh7LBNa"",""comment"":{""userId"":""user@zWAVh7LBNa"",""text"":""11-5""},""location"":""2-0"",""element"":"".conversation"",""database"":""persistent"",""userMask"":""user B"",""userColor"":""#6699FF"",""current-population"":4,""gMO"":162}",1
"user@zWAVh7LBNa","T79MYOvpUx","zzS3x7G14l",163,"2-0","l","2014-07-24 12:36:42","{""type"":""link"",""userId"":""user@zWAVh7LBNa"",""comment"":{""userId"":""user@zWAVh7LBNa"",""text"":""11-6""},""location"":""2-0"",""element"":"".conversation"",""database"":""persistent"",""userMask"":""user B"",""userColor"":""#6699FF"",""current-population"":4,""gMO"":163}",1
"user@X5EawpwGyY","T79MYOvpUx","zzS3x7G14l",164,"2-0","l","2014-07-24 12:36:43","{""type"":""link"",""userId"":""user@X5EawpwGyY"",""comment"":{""userId"":""user@X5EawpwGyY"",""text"":""4-3""},""location"":""2-0"",""element"":"".conversation"",""database"":""persistent"",""userMask"":""user A"",""userColor"":""#33CC33"",""current-population"":4,""gMO"":164}",1
"user@zWAVh7LBNa","T79MYOvpUx","zzS3x7G14l",165,"2-0","l","2014-07-24 12:36:43","{""type"":""link"",""userId"":""user@zWAVh7LBNa"",""comment"":{""userId"":""user@zWAVh7LBNa"",""text"":""12-0""},""location"":""2-0"",""element"":"".conversation"",""database"":""persistent"",""userMask"":""user B"",""userColor"":""#6699FF"",""current-population"":4,""gMO"":165}",1
"user@zWAVh7LBNa","T79MYOvpUx","zzS3x7G14l",166,"2-0","l","2014-07-24 12:36:45","{""type"":""link"",""userId"":""user@zWAVh7LBNa"",""comment"":{""userId"":""user@zWAVh7LBNa"",""text"":""12-1""},""location"":""2-0"",""element"":"".conversation"",""database"":""persistent"",""userMask"":""user B"",""userColor"":""#6699FF"",""current-population"":4,""gMO"":166}",1
"user@Hu0AYDBrqR","T79MYOvpUx","zzS3x7G14l",167,"2-0","l","2014-07-24 12:36:46","{""type"":""link"",""userId"":""user@Hu0AYDBrqR"",""comment"":{""userId"":""user@Hu0AYDBrqR"",""text"":""1-0""},""location"":""2-0"",""element"":"".conversation"",""database"":""persistent"",""userMask"":""user D"",""userColor"":""#9999FF"",""current-population"":4,""gMO"":167}",1
"user@X5EawpwGyY","T79MYOvpUx","zzS3x7G14l",168,"2-0","l","2014-07-24 12:36:46","{""type"":""link"",""userId"":""user@X5EawpwGyY"",""comment"":{""userId"":""user@X5EawpwGyY"",""text"":""0-4""},""location"":""2-0"",""element"":"".conversation"",""database"":""persistent"",""userMask"":""user A"",""userColor"":""#33CC33"",""current-population"":4,""gMO"":168}",1
"user@zWAVh7LBNa","T79MYOvpUx","zzS3x7G14l",169,"2-0","l","2014-07-24 12:36:46","{""type"":""link"",""userId"":""user@zWAVh7LBNa"",""comment"":{""userId"":""user@zWAVh7LBNa"",""text"":""12-2""},""location"":""2-0"",""element"":"".conversation"",""database"":""persistent"",""userMask"":""user B"",""userColor"":""#6699FF"",""current-population"":4,""gMO"":169}",1
"user@zWAVh7LBNa","T79MYOvpUx","zzS3x7G14l",170,"2-0","l","2014-07-24 12:36:47","{""type"":""link"",""userId"":""user@zWAVh7LBNa"",""comment"":{""userId"":""user@zWAVh7LBNa"",""text"":""12-3""},""location"":""2-0"",""element"":"".conversation"",""database"":""persistent"",""userMask"":""user B"",""userColor"":""#6699FF"",""current-population"":4,""gMO"":170}",1
"user@X5EawpwGyY","T79MYOvpUx","zzS3x7G14l",171,"2-0","l","2014-07-24 12:36:47","{""type"":""link"",""userId"":""user@X5EawpwGyY"",""comment"":{""userId"":""user@X5EawpwGyY"",""text"":""0-2""},""location"":""2-0"",""element"":"".conversation"",""database"":""persistent"",""userMask"":""user A"",""userColor"":""#33CC33"",""current-population"":4,""gMO"":171}",1
"user@Hu0AYDBrqR","T79MYOvpUx","zzS3x7G14l",172,"2-0","l","2014-07-24 12:36:48","{""type"":""link"",""userId"":""user@Hu0AYDBrqR"",""comment"":{""userId"":""user@Hu0AYDBrqR"",""text"":""1-0""},""location"":""2-0"",""element"":"".conversation"",""database"":""persistent"",""userMask"":""user D"",""userColor"":""#9999FF"",""current-population"":4,""gMO"":172}",1
"user@X5EawpwGyY","T79MYOvpUx","zzS3x7G14l",173,"2-0","l","2014-07-24 12:36:48","{""type"":""link"",""userId"":""user@X5EawpwGyY"",""comment"":{""userId"":""user@X5EawpwGyY"",""text"":""0-0""},""location"":""2-0"",""element"":"".conversation"",""database"":""persistent"",""userMask"":""user A"",""userColor"":""#33CC33"",""current-population"":4,""gMO"":173}",1
"user@Hu0AYDBrqR","T79MYOvpUx","zzS3x7G14l",174,"2-0","l","2014-07-24 12:36:49","{""type"":""link"",""userId"":""user@Hu0AYDBrqR"",""comment"":{""userId"":""user@Hu0AYDBrqR"",""text"":""1-0""},""location"":""2-0"",""element"":"".conversation"",""database"":""persistent"",""userMask"":""user D"",""userColor"":""#9999FF"",""current-population"":4,""gMO"":174}",1
"user@zWAVh7LBNa","T79MYOvpUx","zzS3x7G14l",175,"2-0","l","2014-07-24 12:36:49","{""type"":""link"",""userId"":""user@zWAVh7LBNa"",""comment"":{""userId"":""user@zWAVh7LBNa"",""text"":""13-0""},""location"":""2-0"",""element"":"".conversation"",""database"":""persistent"",""userMask"":""user B"",""userColor"":""#6699FF"",""current-population"":4,""gMO"":175}",1
"user@zWAVh7LBNa","T79MYOvpUx","zzS3x7G14l",176,"2-0","l","2014-07-24 12:36:50","{""type"":""link"",""userId"":""user@zWAVh7LBNa"",""comment"":{""userId"":""user@zWAVh7LBNa"",""text"":""13-1""},""location"":""2-0"",""element"":"".conversation"",""database"":""persistent"",""userMask"":""user B"",""userColor"":""#6699FF"",""current-population"":4,""gMO"":176}",1
"user@X5EawpwGyY","T79MYOvpUx","zzS3x7G14l",177,"2-0","l","2014-07-24 12:36:50","{""type"":""link"",""userId"":""user@X5EawpwGyY"",""comment"":{""userId"":""user@X5EawpwGyY"",""text"":""0-2""},""location"":""2-0"",""element"":"".conversation"",""database"":""persistent"",""userMask"":""user A"",""userColor"":""#33CC33"",""current-population"":4,""gMO"":177}",1
"user@zWAVh7LBNa","T79MYOvpUx","zzS3x7G14l",178,"2-0","l","2014-07-24 12:36:51","{""type"":""link"",""userId"":""user@zWAVh7LBNa"",""comment"":{""userId"":""user@zWAVh7LBNa"",""text"":""13-2""},""location"":""2-0"",""element"":"".conversation"",""database"":""persistent"",""userMask"":""user B"",""userColor"":""#6699FF"",""current-population"":4,""gMO"":178}",1
"user@Hu0AYDBrqR","T79MYOvpUx","zzS3x7G14l",179,"2-0","l","2014-07-24 12:36:52","{""type"":""link"",""userId"":""user@Hu0AYDBrqR"",""comment"":{""userId"":""user@Hu0AYDBrqR"",""text"":""1-0""},""location"":""2-0"",""element"":"".conversation"",""database"":""persistent"",""userMask"":""user D"",""userColor"":""#9999FF"",""current-population"":4,""gMO"":179}",1
"user@zWAVh7LBNa","T79MYOvpUx","zzS3x7G14l",180,"2-0","l","2014-07-24 12:36:52","{""type"":""link"",""userId"":""user@zWAVh7LBNa"",""comment"":{""userId"":""user@zWAVh7LBNa"",""text"":""14-0""},""location"":""2-0"",""element"":"".conversation"",""database"":""persistent"",""userMask"":""user B"",""userColor"":""#6699FF"",""current-population"":4,""gMO"":180}",1
"user@Hu0AYDBrqR","T79MYOvpUx","zzS3x7G14l",181,"2-0","l","2014-07-24 12:36:53","{""type"":""link"",""userId"":""user@Hu0AYDBrqR"",""comment"":{""userId"":""user@Hu0AYDBrqR"",""text"":""1-0""},""location"":""2-0"",""element"":"".conversation"",""database"":""persistent"",""userMask"":""user D"",""userColor"":""#9999FF"",""current-population"":4,""gMO"":181}",1
"user@Hu0AYDBrqR","T79MYOvpUx","zzS3x7G14l",182,"2-0","l","2014-07-24 12:36:56","{""type"":""link"",""userId"":""user@Hu0AYDBrqR"",""comment"":{""userId"":""user@Hu0AYDBrqR"",""text"":""1-0""},""location"":""2-0"",""element"":"".conversation"",""database"":""persistent"",""userMask"":""user D"",""userColor"":""#9999FF"",""current-population"":4,""gMO"":182}",1
"user@i1hYpFrzIW","T79MYOvpUx","zzS3x7G14l",183,"2-0","l","2014-07-24 12:37:02","{""type"":""link"",""userId"":""user@i1hYpFrzIW"",""comment"":{""userId"":""user@i1hYpFrzIW"",""text"":""4-0""},""location"":""2-0"",""element"":"".conversation"",""database"":""persistent"",""userMask"":""user C"",""userColor"":""#FF3300"",""current-population"":4,""gMO"":183}",1
"user@X5EawpwGyY","T79MYOvpUx","zzS3x7G14l",184,"2-0","l","2014-07-24 12:37:09","{""type"":""link"",""userId"":""user@X5EawpwGyY"",""comment"":{""userId"":""user@X5EawpwGyY"",""text"":""4-1""},""location"":""2-0"",""element"":"".conversation"",""database"":""persistent"",""userMask"":""user A"",""userColor"":""#33CC33"",""current-population"":4,""gMO"":184}",1
"user@X5EawpwGyY","T79MYOvpUx","zzS3x7G14l",185,"2-0","l","2014-07-24 12:37:11","{""type"":""link"",""userId"":""user@X5EawpwGyY"",""comment"":{""userId"":""user@X5EawpwGyY"",""text"":""4-3""},""location"":""2-0"",""element"":"".conversation"",""database"":""persistent"",""userMask"":""user A"",""userColor"":""#33CC33"",""current-population"":4,""gMO"":185}",1
"user@X5EawpwGyY","T79MYOvpUx","zzS3x7G14l",186,"2-0","l","2014-07-24 12:37:14","{""type"":""link"",""userId"":""user@X5EawpwGyY"",""comment"":{""userId"":""user@X5EawpwGyY"",""text"":""4-4""},""location"":""2-0"",""element"":"".conversation"",""database"":""persistent"",""userMask"":""user A"",""userColor"":""#33CC33"",""current-population"":4,""gMO"":186}",1
"user@X5EawpwGyY","T79MYOvpUx","zzS3x7G14l",187,"2-0","l","2014-07-24 12:37:16","{""type"":""link"",""userId"":""user@X5EawpwGyY"",""comment"":{""userId"":""user@X5EawpwGyY"",""text"":""5-0""},""location"":""2-0"",""element"":"".conversation"",""database"":""persistent"",""userMask"":""user A"",""userColor"":""#33CC33"",""current-population"":4,""gMO"":187}",1
"user@Hu0AYDBrqR","T79MYOvpUx","zzS3x7G14l",188,"2-0","l","2014-07-24 12:37:20","{""type"":""comment"",""userId"":""user@Hu0AYDBrqR"",""comment"":{""userId"":""user@Hu0AYDBrqR"",""text"":""do we discuss the artical""},""location"":""2-0"",""element"":"".conversation"",""database"":""persistent"",""userMask"":""user D"",""userColor"":""#9999FF"",""current-population"":4,""gMO"":188}",1
"user@X5EawpwGyY","T79MYOvpUx","zzS3x7G14l",189,"2-0","l","2014-07-24 12:37:24","{""type"":""link"",""userId"":""user@X5EawpwGyY"",""comment"":{""userId"":""user@X5EawpwGyY"",""text"":""11-1""},""location"":""2-0"",""element"":"".conversation"",""database"":""persistent"",""userMask"":""user A"",""userColor"":""#33CC33"",""current-population"":4,""gMO"":189}",1
"user@Hu0AYDBrqR","T79MYOvpUx","zzS3x7G14l",190,"2-0","l","2014-07-24 12:37:27","{""type"":""comment"",""userId"":""user@Hu0AYDBrqR"",""comment"":{""userId"":""user@Hu0AYDBrqR"",""text"":""article""},""location"":""2-0"",""element"":"".conversation"",""database"":""persistent"",""userMask"":""user D"",""userColor"":""#9999FF"",""current-population"":4,""gMO"":190}",1
"user@i1hYpFrzIW","T79MYOvpUx","zzS3x7G14l",191,"2-0","l","2014-07-24 12:37:28","{""type"":""comment"",""userId"":""user@i1hYpFrzIW"",""comment"":{""userId"":""user@i1hYpFrzIW"",""text"":""User A and User B  - why are you highlighting almost every sentence?""},""location"":""2-0"",""element"":"".conversation"",""database"":""persistent"",""userMask"":""user C"",""userColor"":""#FF3300"",""current-population"":4,""gMO"":191}",1
"user@zWAVh7LBNa","T79MYOvpUx","zzS3x7G14l",193,"2-0","l","2014-07-24 12:37:45","{""type"":""comment"",""userId"":""user@zWAVh7LBNa"",""comment"":{""userId"":""user@zWAVh7LBNa"",""text"":""how does work?""},""location"":""2-0"",""element"":"".conversation"",""database"":""persistent"",""userMask"":""user B"",""userColor"":""#6699FF"",""current-population"":4,""gMO"":193}",1
"user@X5EawpwGyY","T79MYOvpUx","zzS3x7G14l",195,"2-0","l","2014-07-24 12:37:50","{""type"":""link"",""userId"":""user@X5EawpwGyY"",""comment"":{""userId"":""user@X5EawpwGyY"",""text"":""10-2""},""location"":""2-0"",""element"":"".conversation"",""database"":""persistent"",""userMask"":""user A"",""userColor"":""#33CC33"",""current-population"":4,""gMO"":195}",1
"user@i1hYpFrzIW","T79MYOvpUx","zzS3x7G14l",196,"2-0","l","2014-07-24 12:37:55","{""type"":""comment"",""userId"":""user@i1hYpFrzIW"",""comment"":{""userId"":""user@i1hYpFrzIW"",""text"":""Highlight the parts that are relevant.""},""location"":""2-0"",""element"":"".conversation"",""database"":""persistent"",""userMask"":""user C"",""userColor"":""#FF3300"",""current-population"":4,""gMO"":196}",1
"user@Hu0AYDBrqR","T79MYOvpUx","zzS3x7G14l",197,"2-0","l","2014-07-24 12:37:58","{""type"":""comment"",""userId"":""user@Hu0AYDBrqR"",""comment"":{""userId"":""user@Hu0AYDBrqR"",""text"":""i am at a loss also""},""location"":""2-0"",""element"":"".conversation"",""database"":""persistent"",""userMask"":""user D"",""userColor"":""#9999FF"",""current-population"":4,""gMO"":197}",1
"user@zWAVh7LBNa","T79MYOvpUx","zzS3x7G14l",198,"2-0","l","2014-07-24 12:38:11","{""type"":""link"",""userId"":""user@zWAVh7LBNa"",""comment"":{""userId"":""user@zWAVh7LBNa"",""text"":""0-2""},""location"":""2-0"",""element"":"".conversation"",""database"":""persistent"",""userMask"":""user B"",""userColor"":""#6699FF"",""current-population"":4,""gMO"":198}",1
"user@zWAVh7LBNa","T79MYOvpUx","zzS3x7G14l",199,"2-0","l","2014-07-24 12:38:14","{""type"":""link"",""userId"":""user@zWAVh7LBNa"",""comment"":{""userId"":""user@zWAVh7LBNa"",""text"":""0-0""},""location"":""2-0"",""element"":"".conversation"",""database"":""persistent"",""userMask"":""user B"",""userColor"":""#6699FF"",""current-population"":4,""gMO"":199}",1
"user@zWAVh7LBNa","T79MYOvpUx","zzS3x7G14l",200,"2-0","l","2014-07-24 12:38:15","{""type"":""link"",""userId"":""user@zWAVh7LBNa"",""comment"":{""userId"":""user@zWAVh7LBNa"",""text"":""0-1""},""location"":""2-0"",""element"":"".conversation"",""database"":""persistent"",""userMask"":""user B"",""userColor"":""#6699FF"",""current-population"":4,""gMO"":200}",1
"user@zWAVh7LBNa","T79MYOvpUx","zzS3x7G14l",201,"2-0","l","2014-07-24 12:38:18","{""type"":""link"",""userId"":""user@zWAVh7LBNa"",""comment"":{""userId"":""user@zWAVh7LBNa"",""text"":""0-2""},""location"":""2-0"",""element"":"".conversation"",""database"":""persistent"",""userMask"":""user B"",""userColor"":""#6699FF"",""current-population"":4,""gMO"":201}",1
"user@i1hYpFrzIW","T79MYOvpUx","zzS3x7G14l",203,"2-0","l","2014-07-24 12:38:28","{""type"":""link"",""userId"":""user@i1hYpFrzIW"",""comment"":{""userId"":""user@i1hYpFrzIW"",""text"":""5-4""},""location"":""2-0"",""element"":"".conversation"",""database"":""persistent"",""userMask"":""user C"",""userColor"":""#FF3300"",""current-population"":4,""gMO"":203}",1
"user@i1hYpFrzIW","T79MYOvpUx","zzS3x7G14l",204,"2-0","l","2014-07-24 12:38:28","{""type"":""link"",""userId"":""user@i1hYpFrzIW"",""comment"":{""userId"":""user@i1hYpFrzIW"",""text"":""5-4""},""location"":""2-0"",""element"":"".conversation"",""database"":""persistent"",""userMask"":""user C"",""userColor"":""#FF3300"",""current-population"":4,""gMO"":204}",1
"user@i1hYpFrzIW","T79MYOvpUx","zzS3x7G14l",205,"2-0","l","2014-07-24 12:38:29","{""type"":""link"",""userId"":""user@i1hYpFrzIW"",""comment"":{""userId"":""user@i1hYpFrzIW"",""text"":""5-4""},""location"":""2-0"",""element"":"".conversation"",""database"":""persistent"",""userMask"":""user C"",""userColor"":""#FF3300"",""current-population"":4,""gMO"":205}",1
"user@zWAVh7LBNa","T79MYOvpUx","zzS3x7G14l",206,"2-0","l","2014-07-24 12:38:41","{""type"":""comment"",""userId"":""user@zWAVh7LBNa"",""comment"":{""userId"":""user@zWAVh7LBNa"",""text"":""i m leaving""},""location"":""2-0"",""element"":"".conversation"",""database"":""persistent"",""userMask"":""user B"",""userColor"":""#6699FF"",""current-population"":4,""gMO"":206}",1
"user@Hu0AYDBrqR","T79MYOvpUx","zzS3x7G14l",210,"2-0","l","2014-07-24 12:38:53","{""type"":""comment"",""userId"":""user@Hu0AYDBrqR"",""comment"":{""userId"":""user@Hu0AYDBrqR"",""text"":""should we just talk about this and not I light everything""},""location"":""2-0"",""element"":"".conversation"",""database"":""persistent"",""userMask"":""user D"",""userColor"":""#9999FF"",""current-population"":4,""gMO"":210}",1
"user@X5EawpwGyY","T79MYOvpUx","zzS3x7G14l",211,"2-0","l","2014-07-24 12:38:53","{""type"":""link"",""userId"":""user@X5EawpwGyY"",""comment"":{""userId"":""user@X5EawpwGyY"",""text"":""0-4""},""location"":""2-0"",""element"":"".conversation"",""database"":""persistent"",""userMask"":""user A"",""userColor"":""#33CC33"",""current-population"":4,""gMO"":211}",1
"user@X5EawpwGyY","T79MYOvpUx","zzS3x7G14l",213,"2-0","l","2014-07-24 12:38:56","{""type"":""link"",""userId"":""user@X5EawpwGyY"",""comment"":{""userId"":""user@X5EawpwGyY"",""text"":""1-1""},""location"":""2-0"",""element"":"".conversation"",""database"":""persistent"",""userMask"":""user A"",""userColor"":""#33CC33"",""current-population"":4,""gMO"":213}",1
"user@X5EawpwGyY","T79MYOvpUx","zzS3x7G14l",214,"2-0","l","2014-07-24 12:38:57","{""type"":""link"",""userId"":""user@X5EawpwGyY"",""comment"":{""userId"":""user@X5EawpwGyY"",""text"":""3-0""},""location"":""2-0"",""element"":"".conversation"",""database"":""persistent"",""userMask"":""user A"",""userColor"":""#33CC33"",""current-population"":4,""gMO"":214}",1
"user@X5EawpwGyY","T79MYOvpUx","zzS3x7G14l",215,"2-0","l","2014-07-24 12:39:01","{""type"":""link"",""userId"":""user@X5EawpwGyY"",""comment"":{""userId"":""user@X5EawpwGyY"",""text"":""4-1""},""location"":""2-0"",""element"":"".conversation"",""database"":""persistent"",""userMask"":""user A"",""userColor"":""#33CC33"",""current-population"":4,""gMO"":215}",1
"user@i1hYpFrzIW","T79MYOvpUx","zzS3x7G14l",216,"2-0","l","2014-07-24 12:39:13","{""type"":""comment"",""userId"":""user@i1hYpFrzIW"",""comment"":{""userId"":""user@i1hYpFrzIW"",""text"":""Yes, I think so.""},""location"":""2-0"",""element"":"".conversation"",""database"":""persistent"",""userMask"":""user C"",""userColor"":""#FF3300"",""current-population"":4,""gMO"":216}",1
"user@Hu0AYDBrqR","T79MYOvpUx","zzS3x7G14l",218,"2-0","l","2014-07-24 12:40:03","{""type"":""comment"",""userId"":""user@Hu0AYDBrqR"",""comment"":{""userId"":""user@Hu0AYDBrqR"",""text"":""So this is talking about rising cost of education ""},""location"":""2-0"",""element"":"".conversation"",""database"":""persistent"",""userMask"":""user D"",""userColor"":""#9999FF"",""current-population"":4,""gMO"":218}",1
"user@Hu0AYDBrqR","T79MYOvpUx","zzS3x7G14l",222,"2-0","l","2014-07-24 12:42:06","{""type"":""comment"",""userId"":""user@Hu0AYDBrqR"",""comment"":{""userId"":""user@Hu0AYDBrqR"",""text"":""Of course it is costly to go to a university price of cars and computers it has risen 1.6 percent in tow decades""},""location"":""2-0"",""element"":"".conversation"",""database"":""persistent"",""userMask"":""user D"",""userColor"":""#9999FF"",""current-population"":2,""gMO"":222}",1
"user@Hu0AYDBrqR","T79MYOvpUx","zzS3x7G14l",223,"2-0","l","2014-07-24 12:43:13","{""type"":""comment"",""userId"":""user@Hu0AYDBrqR"",""comment"":{""userId"":""user@Hu0AYDBrqR"",""text"":""still some students find it is a great deal;  a college degree is worth about $590,000 dollars""},""location"":""2-0"",""element"":"".conversation"",""database"":""persistent"",""userMask"":""user D"",""userColor"":""#9999FF"",""current-population"":2,""gMO"":223}",1
"user@Hu0AYDBrqR","T79MYOvpUx","zzS3x7G14l",224,"2-0","l","2014-07-24 12:43:29","{""type"":""comment"",""userId"":""user@Hu0AYDBrqR"",""comment"":{""userId"":""user@Hu0AYDBrqR"",""text"":""what do you think C""},""location"":""2-0"",""element"":"".conversation"",""database"":""persistent"",""userMask"":""user D"",""userColor"":""#9999FF"",""current-population"":2,""gMO"":224}",1
"user@Hu0AYDBrqR","T79MYOvpUx","zzS3x7G14l",225,"2-0","l","2014-07-24 12:43:56","{""type"":""comment"",""userId"":""user@Hu0AYDBrqR"",""comment"":{""userId"":""user@Hu0AYDBrqR"",""text"":""I'm sorry what do you thik a""},""location"":""2-0"",""element"":"".conversation"",""database"":""persistent"",""userMask"":""user D"",""userColor"":""#9999FF"",""current-population"":2,""gMO"":225}",1
"user@Hu0AYDBrqR","T79MYOvpUx","zzS3x7G14l",226,"2-0","l","2014-07-24 12:44:01","{""type"":""comment"",""userId"":""user@Hu0AYDBrqR"",""comment"":{""userId"":""user@Hu0AYDBrqR"",""text"":""think""},""location"":""2-0"",""element"":"".conversation"",""database"":""persistent"",""userMask"":""user D"",""userColor"":""#9999FF"",""current-population"":2,""gMO"":226}",1
"user@Hu0AYDBrqR","T79MYOvpUx","zzS3x7G14l",227,"2-0","l","2014-07-24 12:44:36","{""type"":""comment"",""userId"":""user@Hu0AYDBrqR"",""comment"":{""userId"":""user@Hu0AYDBrqR"",""text"":""are you still here""},""location"":""2-0"",""element"":"".conversation"",""database"":""persistent"",""userMask"":""user D"",""userColor"":""#9999FF"",""current-population"":2,""gMO"":227}",1
"user@X5EawpwGyY","T79MYOvpUx","zzS3x7G14l",228,"2-0","l","2014-07-24 12:45:12","{""type"":""comment"",""userId"":""user@X5EawpwGyY"",""comment"":{""userId"":""user@X5EawpwGyY"",""text"":""yes i agree with user D""},""location"":""2-0"",""element"":"".conversation"",""database"":""persistent"",""userMask"":""user A"",""userColor"":""#33CC33"",""current-population"":2,""gMO"":228}",1
"user@X5EawpwGyY","T79MYOvpUx","zzS3x7G14l",229,"2-0","l","2014-07-24 12:45:58","{""type"":""comment"",""userId"":""user@X5EawpwGyY"",""comment"":{""userId"":""user@X5EawpwGyY"",""text"":""what  word are you highlight""},""location"":""2-0"",""element"":"".conversation"",""database"":""persistent"",""userMask"":""user A"",""userColor"":""#33CC33"",""current-population"":2,""gMO"":229}",1
"user@X5EawpwGyY","T79MYOvpUx","zzS3x7G14l",230,"2-0","l","2014-07-24 12:46:01","{""type"":""comment"",""userId"":""user@X5EawpwGyY"",""comment"":{""userId"":""user@X5EawpwGyY"",""text"":""finally""},""location"":""2-0"",""element"":"".conversation"",""database"":""persistent"",""userMask"":""user A"",""userColor"":""#33CC33"",""current-population"":2,""gMO"":230}",1
"user@Hu0AYDBrqR","T79MYOvpUx","zzS3x7G14l",231,"2-0","l","2014-07-24 12:46:18","{""type"":""comment"",""userId"":""user@Hu0AYDBrqR"",""comment"":{""userId"":""user@Hu0AYDBrqR"",""text"":""the second part of the change is the labour market how hard is it to get a job even with the degree""},""location"":""2-0"",""element"":"".conversation"",""database"":""persistent"",""userMask"":""user D"",""userColor"":""#9999FF"",""current-population"":2,""gMO"":231}",1
"user@Hu0AYDBrqR","T79MYOvpUx","zzS3x7G14l",232,"2-0","l","2014-07-24 12:46:35","{""type"":""link"",""userId"":""user@Hu0AYDBrqR"",""comment"":{""userId"":""user@Hu0AYDBrqR"",""text"":""5-0""},""location"":""2-0"",""element"":"".conversation"",""database"":""persistent"",""userMask"":""user D"",""userColor"":""#9999FF"",""current-population"":2,""gMO"":232}",1
"user@X5EawpwGyY","T79MYOvpUx","zzS3x7G14l",233,"2-0","l","2014-07-24 12:46:47","{""type"":""link"",""userId"":""user@X5EawpwGyY"",""comment"":{""userId"":""user@X5EawpwGyY"",""text"":""5-3""},""location"":""2-0"",""element"":"".conversation"",""database"":""persistent"",""userMask"":""user A"",""userColor"":""#33CC33"",""current-population"":2,""gMO"":233}",1
"user@Hu0AYDBrqR","T79MYOvpUx","zzS3x7G14l",234,"2-0","l","2014-07-24 12:47:35","{""type"":""link"",""userId"":""user@Hu0AYDBrqR"",""comment"":{""userId"":""user@Hu0AYDBrqR"",""text"":""6-2""},""location"":""2-0"",""element"":"".conversation"",""database"":""persistent"",""userMask"":""user D"",""userColor"":""#9999FF"",""current-population"":2,""gMO"":234}",1
"user@Hu0AYDBrqR","T79MYOvpUx","zzS3x7G14l",235,"2-0","l","2014-07-24 12:48:03","{""type"":""link"",""userId"":""user@Hu0AYDBrqR"",""comment"":{""userId"":""user@Hu0AYDBrqR"",""text"":""6-3""},""location"":""2-0"",""element"":"".conversation"",""database"":""persistent"",""userMask"":""user D"",""userColor"":""#9999FF"",""current-population"":2,""gMO"":235}",1
"user@Hu0AYDBrqR","T79MYOvpUx","zzS3x7G14l",236,"2-0","l","2014-07-24 12:48:56","{""type"":""comment"",""userId"":""user@Hu0AYDBrqR"",""comment"":{""userId"":""user@Hu0AYDBrqR"",""text"":""So if students cant get the online course they cant cut cost down to a fraction fo going to a university""},""location"":""2-0"",""element"":"".conversation"",""database"":""persistent"",""userMask"":""user D"",""userColor"":""#9999FF"",""current-population"":2,""gMO"":236}",1
"user@Hu0AYDBrqR","T79MYOvpUx","zzS3x7G14l",237,"2-0","l","2014-07-24 12:49:07","{""type"":""comment"",""userId"":""user@Hu0AYDBrqR"",""comment"":{""userId"":""user@Hu0AYDBrqR"",""text"":""can cut""},""location"":""2-0"",""element"":"".conversation"",""database"":""persistent"",""userMask"":""user D"",""userColor"":""#9999FF"",""current-population"":2,""gMO"":237}",1
"user@Hu0AYDBrqR","T79MYOvpUx","zzS3x7G14l",238,"2-0","l","2014-07-24 12:49:20","{""type"":""link"",""userId"":""user@Hu0AYDBrqR"",""comment"":{""userId"":""user@Hu0AYDBrqR"",""text"":""8-0""},""location"":""2-0"",""element"":"".conversation"",""database"":""persistent"",""userMask"":""user D"",""userColor"":""#9999FF"",""current-population"":2,""gMO"":238}",1
"user@B3Ylo50V6u","t8A8GKVGOK","zzS3x7G14l",7,"1-0","l","2014-07-24 12:20:02","{""type"":""team"",""userId"":""user@B3Ylo50V6u"",""location"":""1-0"",""database"":""persistent"",""current-population"":2,""gMO"":7}",1
"user@0w7yYyU8mE","t8A8GKVGOK","zzS3x7G14l",8,"1-0","l","2014-07-24 12:20:02","{""type"":""team"",""userId"":""user@0w7yYyU8mE"",""location"":""1-0"",""database"":""persistent"",""current-population"":2,""gMO"":8}",1
"user@0w7yYyU8mE","t8A8GKVGOK","zzS3x7G14l",9,"2-0","l","2014-07-24 12:20:20","{""type"":""comment"",""userId"":""user@0w7yYyU8mE"",""comment"":{""userId"":""user@0w7yYyU8mE"",""text"":""hello""},""location"":""2-0"",""element"":"".conversation"",""database"":""persistent"",""userMask"":""user A"",""userColor"":""#33CC33"",""current-population"":2,""gMO"":9}",1
"user@0w7yYyU8mE","t8A8GKVGOK","zzS3x7G14l",12,"2-0","l","2014-07-24 12:23:31","{""type"":""comment"",""userId"":""user@0w7yYyU8mE"",""comment"":{""userId"":""user@0w7yYyU8mE"",""text"":""Is there anyone here??""},""location"":""2-0"",""element"":"".conversation"",""database"":""persistent"",""userMask"":""user A"",""userColor"":""#33CC33"",""current-population"":2,""gMO"":12}",1
"user@VY1J6kRaso","uZur6fr99V","zzS3x7G14l",15,"1-0","l","2014-07-24 12:23:51","{""type"":""team"",""userId"":""user@VY1J6kRaso"",""location"":""1-0"",""database"":""persistent"",""current-population"":4,""gMO"":15}",1
"user@VY1J6kRaso","uZur6fr99V","zzS3x7G14l",16,"1-0","l","2014-07-24 12:23:51","{""type"":""team"",""userId"":""user@VY1J6kRaso"",""location"":""1-0"",""database"":""persistent"",""current-population"":4,""gMO"":16}",1
"user@QNf2kcj6U8","uZur6fr99V","zzS3x7G14l",17,"1-0","l","2014-07-24 12:23:51","{""type"":""team"",""userId"":""user@QNf2kcj6U8"",""location"":""1-0"",""database"":""persistent"",""current-population"":4,""gMO"":17}",1
"user@R6oqS2poex","uZur6fr99V","zzS3x7G14l",18,"1-0","l","2014-07-24 12:23:52","{""type"":""team"",""userId"":""user@R6oqS2poex"",""location"":""1-0"",""database"":""persistent"",""current-population"":4,""gMO"":18}",1
"user@riMgpvPBIz","uZur6fr99V","zzS3x7G14l",19,"1-0","l","2014-07-24 12:23:52","{""type"":""team"",""userId"":""user@riMgpvPBIz"",""location"":""1-0"",""database"":""persistent"",""current-population"":4,""gMO"":19}",1
"user@QNf2kcj6U8","uZur6fr99V","zzS3x7G14l",20,"1-0","l","2014-07-24 12:23:52","{""type"":""team"",""userId"":""user@QNf2kcj6U8"",""location"":""1-0"",""database"":""persistent"",""current-population"":4,""gMO"":20}",1
"user@R6oqS2poex","uZur6fr99V","zzS3x7G14l",21,"1-0","l","2014-07-24 12:23:52","{""type"":""team"",""userId"":""user@R6oqS2poex"",""location"":""1-0"",""database"":""persistent"",""current-population"":4,""gMO"":21}",1
"user@riMgpvPBIz","uZur6fr99V","zzS3x7G14l",22,"1-0","l","2014-07-24 12:23:52","{""type"":""team"",""userId"":""user@riMgpvPBIz"",""location"":""1-0"",""database"":""persistent"",""current-population"":4,""gMO"":22}",1
"user@R6oqS2poex","uZur6fr99V","zzS3x7G14l",25,"2-0","l","2014-07-24 12:24:13","{""type"":""link"",""userId"":""user@R6oqS2poex"",""comment"":{""userId"":""user@R6oqS2poex"",""text"":""0-0""},""location"":""2-0"",""element"":"".conversation"",""database"":""persistent"",""userMask"":""user D"",""userColor"":""#9999FF"",""current-population"":4,""gMO"":25}",1
"user@QNf2kcj6U8","uZur6fr99V","zzS3x7G14l",26,"2-0","l","2014-07-24 12:24:34","{""type"":""comment"",""userId"":""user@QNf2kcj6U8"",""comment"":{""userId"":""user@QNf2kcj6U8"",""text"":""hi""},""location"":""2-0"",""element"":"".conversation"",""database"":""persistent"",""userMask"":""user A"",""userColor"":""#33CC33"",""current-population"":4,""gMO"":26}",1
"user@R6oqS2poex","uZur6fr99V","zzS3x7G14l",27,"2-0","l","2014-07-24 12:24:36","{""type"":""link"",""userId"":""user@R6oqS2poex"",""comment"":{""userId"":""user@R6oqS2poex"",""text"":""5-1""},""location"":""2-0"",""element"":"".conversation"",""database"":""persistent"",""userMask"":""user D"",""userColor"":""#9999FF"",""current-population"":4,""gMO"":27}",1
"user@R6oqS2poex","uZur6fr99V","zzS3x7G14l",28,"2-0","l","2014-07-24 12:24:42","{""type"":""comment"",""userId"":""user@R6oqS2poex"",""comment"":{""userId"":""user@R6oqS2poex"",""text"":""hi""},""location"":""2-0"",""element"":"".conversation"",""database"":""persistent"",""userMask"":""user D"",""userColor"":""#9999FF"",""current-population"":4,""gMO"":28}",1
"user@riMgpvPBIz","uZur6fr99V","zzS3x7G14l",29,"2-0","l","2014-07-24 12:25:00","{""type"":""comment"",""userId"":""user@riMgpvPBIz"",""comment"":{""userId"":""user@riMgpvPBIz"",""text"":""hi""},""location"":""2-0"",""element"":"".conversation"",""database"":""persistent"",""userMask"":""user B"",""userColor"":""#6699FF"",""current-population"":4,""gMO"":29}",1
"user@VY1J6kRaso","uZur6fr99V","zzS3x7G14l",30,"2-0","l","2014-07-24 12:25:04","{""type"":""link"",""userId"":""user@VY1J6kRaso"",""comment"":{""userId"":""user@VY1J6kRaso"",""text"":""1-1""},""location"":""2-0"",""element"":"".conversation"",""database"":""persistent"",""userMask"":""user C"",""userColor"":""#FF3300"",""current-population"":4,""gMO"":30}",1
"user@riMgpvPBIz","uZur6fr99V","zzS3x7G14l",31,"2-0","l","2014-07-24 12:25:19","{""type"":""link"",""userId"":""user@riMgpvPBIz"",""comment"":{""userId"":""user@riMgpvPBIz"",""text"":""4-0""},""location"":""2-0"",""element"":"".conversation"",""database"":""persistent"",""userMask"":""user B"",""userColor"":""#6699FF"",""current-population"":4,""gMO"":31}",1
"user@R6oqS2poex","uZur6fr99V","zzS3x7G14l",32,"2-0","l","2014-07-24 12:25:31","{""type"":""comment"",""userId"":""user@R6oqS2poex"",""comment"":{""userId"":""user@R6oqS2poex"",""text"":""Higher education is very necessary""},""location"":""2-0"",""element"":"".conversation"",""database"":""persistent"",""userMask"":""user D"",""userColor"":""#9999FF"",""current-population"":4,""gMO"":32}",1
"user@riMgpvPBIz","uZur6fr99V","zzS3x7G14l",33,"2-0","l","2014-07-24 12:25:54","{""type"":""link"",""userId"":""user@riMgpvPBIz"",""comment"":{""userId"":""user@riMgpvPBIz"",""text"":""0-1""},""location"":""2-0"",""element"":"".conversation"",""database"":""persistent"",""userMask"":""user B"",""userColor"":""#6699FF"",""current-population"":4,""gMO"":33}",1
"user@R6oqS2poex","uZur6fr99V","zzS3x7G14l",34,"2-0","l","2014-07-24 12:25:57","{""type"":""comment"",""userId"":""user@R6oqS2poex"",""comment"":{""userId"":""user@R6oqS2poex"",""text"":""It creates welfare to the society.""},""location"":""2-0"",""element"":"".conversation"",""database"":""persistent"",""userMask"":""user D"",""userColor"":""#9999FF"",""current-population"":4,""gMO"":34}",1
"user@riMgpvPBIz","uZur6fr99V","zzS3x7G14l",36,"2-0","l","2014-07-24 12:26:29","{""type"":""link"",""userId"":""user@riMgpvPBIz"",""comment"":{""userId"":""user@riMgpvPBIz"",""text"":""7-0""},""location"":""2-0"",""element"":"".conversation"",""database"":""persistent"",""userMask"":""user B"",""userColor"":""#6699FF"",""current-population"":4,""gMO"":36}",1
"user@R6oqS2poex","uZur6fr99V","zzS3x7G14l",37,"2-0","l","2014-07-24 12:26:34","{""type"":""link"",""userId"":""user@R6oqS2poex"",""comment"":{""userId"":""user@R6oqS2poex"",""text"":""10-0""},""location"":""2-0"",""element"":"".conversation"",""database"":""persistent"",""userMask"":""user D"",""userColor"":""#9999FF"",""current-population"":4,""gMO"":37}",1
"user@riMgpvPBIz","uZur6fr99V","zzS3x7G14l",38,"2-0","l","2014-07-24 12:26:50","{""type"":""link"",""userId"":""user@riMgpvPBIz"",""comment"":{""userId"":""user@riMgpvPBIz"",""text"":""5-3""},""location"":""2-0"",""element"":"".conversation"",""database"":""persistent"",""userMask"":""user B"",""userColor"":""#6699FF"",""current-population"":4,""gMO"":38}",1
"user@QNf2kcj6U8","uZur6fr99V","zzS3x7G14l",39,"2-0","l","2014-07-24 12:26:53","{""type"":""link"",""userId"":""user@QNf2kcj6U8"",""comment"":{""userId"":""user@QNf2kcj6U8"",""text"":""11-6""},""location"":""2-0"",""element"":"".conversation"",""database"":""persistent"",""userMask"":""user A"",""userColor"":""#33CC33"",""current-population"":4,""gMO"":39}",1
"user@R6oqS2poex","uZur6fr99V","zzS3x7G14l",40,"2-0","l","2014-07-24 12:27:02","{""type"":""comment"",""userId"":""user@R6oqS2poex"",""comment"":{""userId"":""user@R6oqS2poex"",""text"":""who is there""},""location"":""2-0"",""element"":"".conversation"",""database"":""persistent"",""userMask"":""user D"",""userColor"":""#9999FF"",""current-population"":4,""gMO"":40}",1
"user@riMgpvPBIz","uZur6fr99V","zzS3x7G14l",41,"2-0","l","2014-07-24 12:27:12","{""type"":""link"",""userId"":""user@riMgpvPBIz"",""comment"":{""userId"":""user@riMgpvPBIz"",""text"":""6-3""},""location"":""2-0"",""element"":"".conversation"",""database"":""persistent"",""userMask"":""user B"",""userColor"":""#6699FF"",""current-population"":4,""gMO"":41}",1
"user@VY1J6kRaso","uZur6fr99V","zzS3x7G14l",42,"2-0","l","2014-07-24 12:27:24","{""type"":""comment"",""userId"":""user@VY1J6kRaso"",""comment"":{""userId"":""user@VY1J6kRaso"",""text"":""Sorry, still reading.""},""location"":""2-0"",""element"":"".conversation"",""database"":""persistent"",""userMask"":""user C"",""userColor"":""#FF3300"",""current-population"":4,""gMO"":42}",1
"user@riMgpvPBIz","uZur6fr99V","zzS3x7G14l",43,"2-0","l","2014-07-24 12:27:28","{""type"":""link"",""userId"":""user@riMgpvPBIz"",""comment"":{""userId"":""user@riMgpvPBIz"",""text"":""7-1""},""location"":""2-0"",""element"":"".conversation"",""database"":""persistent"",""userMask"":""user B"",""userColor"":""#6699FF"",""current-population"":4,""gMO"":43}",1
"user@VY1J6kRaso","uZur6fr99V","zzS3x7G14l",45,"2-0","l","2014-07-24 12:28:15","{""type"":""link"",""userId"":""user@VY1J6kRaso"",""comment"":{""userId"":""user@VY1J6kRaso"",""text"":""11-0""},""location"":""2-0"",""element"":"".conversation"",""database"":""persistent"",""userMask"":""user C"",""userColor"":""#FF3300"",""current-population"":4,""gMO"":45}",1
"user@QNf2kcj6U8","uZur6fr99V","zzS3x7G14l",46,"2-0","l","2014-07-24 12:28:17","{""type"":""link"",""userId"":""user@QNf2kcj6U8"",""comment"":{""userId"":""user@QNf2kcj6U8"",""text"":""10-1""},""location"":""2-0"",""element"":"".conversation"",""database"":""persistent"",""userMask"":""user A"",""userColor"":""#33CC33"",""current-population"":4,""gMO"":46}",1
"user@riMgpvPBIz","uZur6fr99V","zzS3x7G14l",47,"2-0","l","2014-07-24 12:28:23","{""type"":""link"",""userId"":""user@riMgpvPBIz"",""comment"":{""userId"":""user@riMgpvPBIz"",""text"":""7-4""},""location"":""2-0"",""element"":"".conversation"",""database"":""persistent"",""userMask"":""user B"",""userColor"":""#6699FF"",""current-population"":4,""gMO"":47}",1
"user@R6oqS2poex","uZur6fr99V","zzS3x7G14l",48,"2-0","l","2014-07-24 12:28:24","{""type"":""comment"",""userId"":""user@R6oqS2poex"",""comment"":{""userId"":""user@R6oqS2poex"",""text"":""Why students prefer white collar jobs?""},""location"":""2-0"",""element"":"".conversation"",""database"":""persistent"",""userMask"":""user D"",""userColor"":""#9999FF"",""current-population"":4,""gMO"":48}",1
"user@riMgpvPBIz","uZur6fr99V","zzS3x7G14l",49,"2-0","l","2014-07-24 12:29:26","{""type"":""link"",""userId"":""user@riMgpvPBIz"",""comment"":{""userId"":""user@riMgpvPBIz"",""text"":""8-3""},""location"":""2-0"",""element"":"".conversation"",""database"":""persistent"",""userMask"":""user B"",""userColor"":""#6699FF"",""current-population"":4,""gMO"":49}",1
"user@R6oqS2poex","uZur6fr99V","zzS3x7G14l",50,"2-0","l","2014-07-24 12:29:36","{""type"":""comment"",""userId"":""user@R6oqS2poex"",""comment"":{""userId"":""user@R6oqS2poex"",""text"":""It's true that ambitious people will go to best universities.""},""location"":""2-0"",""element"":"".conversation"",""database"":""persistent"",""userMask"":""user D"",""userColor"":""#9999FF"",""current-population"":4,""gMO"":50}",1
"user@R6oqS2poex","uZur6fr99V","zzS3x7G14l",51,"2-0","l","2014-07-24 12:29:51","{""type"":""comment"",""userId"":""user@R6oqS2poex"",""comment"":{""userId"":""user@R6oqS2poex"",""text"":""no one discussing.""},""location"":""2-0"",""element"":"".conversation"",""database"":""persistent"",""userMask"":""user D"",""userColor"":""#9999FF"",""current-population"":4,""gMO"":51}",1
"user@R6oqS2poex","uZur6fr99V","zzS3x7G14l",52,"2-0","l","2014-07-24 12:30:17","{""type"":""comment"",""userId"":""user@R6oqS2poex"",""comment"":{""userId"":""user@R6oqS2poex"",""text"":""Are you interested in this discussion.""},""location"":""2-0"",""element"":"".conversation"",""database"":""persistent"",""userMask"":""user D"",""userColor"":""#9999FF"",""current-population"":4,""gMO"":52}",1
"user@VY1J6kRaso","uZur6fr99V","zzS3x7G14l",53,"2-0","l","2014-07-24 12:30:22","{""type"":""comment"",""userId"":""user@VY1J6kRaso"",""comment"":{""userId"":""user@VY1J6kRaso"",""text"":""But it is not only ambition, the articles discusses the rising costs of education creating an inequality in terms of access.""},""location"":""2-0"",""element"":"".conversation"",""database"":""persistent"",""userMask"":""user C"",""userColor"":""#FF3300"",""current-population"":4,""gMO"":53}",1
"user@VY1J6kRaso","uZur6fr99V","zzS3x7G14l",54,"2-0","l","2014-07-24 12:30:46","{""type"":""comment"",""userId"":""user@VY1J6kRaso"",""comment"":{""userId"":""user@VY1J6kRaso"",""text"":""This is where MOOCs can help narrow that gap.""},""location"":""2-0"",""element"":"".conversation"",""database"":""persistent"",""userMask"":""user C"",""userColor"":""#FF3300"",""current-population"":4,""gMO"":54}",1
"user@R6oqS2poex","uZur6fr99V","zzS3x7G14l",55,"2-0","l","2014-07-24 12:31:19","{""type"":""comment"",""userId"":""user@R6oqS2poex"",""comment"":{""userId"":""user@R6oqS2poex"",""text"":""Sure, but do they keep up their promises.""},""location"":""2-0"",""element"":"".conversation"",""database"":""persistent"",""userMask"":""user D"",""userColor"":""#9999FF"",""current-population"":4,""gMO"":55}",1
"user@VY1J6kRaso","uZur6fr99V","zzS3x7G14l",56,"2-0","l","2014-07-24 12:32:18","{""type"":""comment"",""userId"":""user@VY1J6kRaso"",""comment"":{""userId"":""user@VY1J6kRaso"",""text"":""I think one of the difficulties with MOOCs is how do employers gain confidence in them to trust that the graduates are the ones that actually did the work?""},""location"":""2-0"",""element"":"".conversation"",""database"":""persistent"",""userMask"":""user C"",""userColor"":""#FF3300"",""current-population"":4,""gMO"":56}",1
"user@riMgpvPBIz","uZur6fr99V","zzS3x7G14l",58,"2-0","l","2014-07-24 12:33:24","{""type"":""link"",""userId"":""user@riMgpvPBIz"",""comment"":{""userId"":""user@riMgpvPBIz"",""text"":""7-4""},""location"":""2-0"",""element"":"".conversation"",""database"":""persistent"",""userMask"":""user B"",""userColor"":""#6699FF"",""current-population"":4,""gMO"":58}",1
"user@R6oqS2poex","uZur6fr99V","zzS3x7G14l",59,"2-0","l","2014-07-24 12:33:50","{""type"":""comment"",""userId"":""user@R6oqS2poex"",""comment"":{""userId"":""user@R6oqS2poex"",""text"":""What do you think about the effect on labour market?""},""location"":""2-0"",""element"":"".conversation"",""database"":""persistent"",""userMask"":""user D"",""userColor"":""#9999FF"",""current-population"":4,""gMO"":59}",1
"user@VY1J6kRaso","uZur6fr99V","zzS3x7G14l",80,"2-0","l","2014-07-24 12:34:54","{""type"":""comment"",""userId"":""user@VY1J6kRaso"",""comment"":{""userId"":""user@VY1J6kRaso"",""text"":""MOOCs definitely could bring more people to higher education but I think there will still be a lot of people that don't want to put in the extra effort.""},""location"":""2-0"",""element"":"".conversation"",""database"":""persistent"",""userMask"":""user C"",""userColor"":""#FF3300"",""current-population"":4,""gMO"":80}",1
"user@VY1J6kRaso","uZur6fr99V","zzS3x7G14l",91,"2-0","l","2014-07-24 12:35:22","{""type"":""comment"",""userId"":""user@VY1J6kRaso"",""comment"":{""userId"":""user@VY1J6kRaso"",""text"":""The effect on the labour market could be a good one for blue collar work in that it will put pressure on their employers to treat them fairly and entice them to stay in that line of work.""},""location"":""2-0"",""element"":"".conversation"",""database"":""persistent"",""userMask"":""user C"",""userColor"":""#FF3300"",""current-population"":4,""gMO"":91}",1
"user@R6oqS2poex","uZur6fr99V","zzS3x7G14l",94,"2-0","l","2014-07-24 12:35:26","{""type"":""comment"",""userId"":""user@R6oqS2poex"",""comment"":{""userId"":""user@R6oqS2poex"",""text"":""How to motivate them and bring awareness in them?""},""location"":""2-0"",""element"":"".conversation"",""database"":""persistent"",""userMask"":""user D"",""userColor"":""#9999FF"",""current-population"":4,""gMO"":94}",1
"user@R6oqS2poex","uZur6fr99V","zzS3x7G14l",192,"2-0","l","2014-07-24 12:37:44","{""type"":""comment"",""userId"":""user@R6oqS2poex"",""comment"":{""userId"":""user@R6oqS2poex"",""text"":""very happy to be with you. C""},""location"":""2-0"",""element"":"".conversation"",""database"":""persistent"",""userMask"":""user D"",""userColor"":""#9999FF"",""current-population"":4,""gMO"":192}",1
"user@VY1J6kRaso","uZur6fr99V","zzS3x7G14l",194,"2-0","l","2014-07-24 12:37:49","{""type"":""comment"",""userId"":""user@VY1J6kRaso"",""comment"":{""userId"":""user@VY1J6kRaso"",""text"":""Good question.  When looking for graduate schools that I could do on-line I was concerned with the value I would get and how it would be perceived by prospective employers.  I think that large well known institutions such as MIT help to legitimize them.""},""location"":""2-0"",""element"":"".conversation"",""database"":""persistent"",""userMask"":""user C"",""userColor"":""#FF3300"",""current-population"":4,""gMO"":194}",1
"user@R6oqS2poex","uZur6fr99V","zzS3x7G14l",202,"2-0","l","2014-07-24 12:38:27","{""type"":""comment"",""userId"":""user@R6oqS2poex"",""comment"":{""userId"":""user@R6oqS2poex"",""text"":""Thank you , a good suggestion.""},""location"":""2-0"",""element"":"".conversation"",""database"":""persistent"",""userMask"":""user D"",""userColor"":""#9999FF"",""current-population"":4,""gMO"":202}",1
